ID,Name
"CAPTOP_MIN","Kapazitätstoleranz (min.)"
"COLCON10KH_NOM","Farbstabilität bei 10.000 h (Nom)"
"COLCON10KH_MAX","Farbstabilität bei 10.000 h (Max)"
"DIMPOWER","Systemleistung beim Dimmen"
"GEARFAM","Vorschaltgerätefamilie"
"ENRGYC24","Kalifornien Titel 24"
"PLA-SON","Lampenleistung für SON"
"LUMISTEPTM","Lumistep Dimmzeit nach virtueller Mitternacht"
"FADERATEDN","Ausblendrate"
"CAPTOP_MAX","Toleranz Kapazität (max.)"
"LM100K","Lichtstromstabilität während der Nutzlebensdauer von 100.000 Stunden, bei 25 °C"
"DELTATNOM","Delta-T normale Konditionen"
"ACCPFC","PFC-Zubehör"
"PLA-SOX","Lampenleistung für SOX"
"RTLMPTYPGR","Lampentyp"
"ELCPOWCNS","Elektrische Leistungsaufnahme"
"LM50K","Lichtstromstabilität während der Nutzlebensdauer von 100.000 Stunden, bei 25 °C"
"PLO-PL-L","Energieverlust für PL-L"
"LSF16000","LSF 16kh Nenn-, 12h Zyklus"
"OUTPWIRLEN","Leitungslänge Ausgang"
"COMPOUNDIND","Misch-Indikation"
"PLO-PL-C","Energieverlust für PL-C"
"UVARE100H","UV-A-Strahlung 100 Std. (IEC)"
"OVVOLTPR320","Überspannungsschutz 320Vac"
"LIFE80SURVTC","Lebensdauer bis 80 % noch funktionsfähige bei T-Gehäuse Lebensdauer"
"FOLAHEIH","Drahthöhe H"
"SCKTCODE","Sockel-Passcode"
"LAMPEL25BN","Leistung EL 25°C basis oben, Nom."
"LM35K","Lichtstromstabilität während der Nutzlebensdauer von 100.000 Stunden, bei 25 °C"
"ULTEMPCODE","UL-Temperaturcode"
"STILTTOP","Standardaufneigung Aufsatzmontage"
"OPCIRCVLTDC_MAX","Leerlaufspannung (DC) (max.)"
"TAMBIENT_NOM","Umgebungstemperatur (Nom)"
"UNITB","Einheitstyp B"
"HEIGHT","Höhe"
"FAILL80B10","Plötzlicher Ausfallwert für L80B10"
"WCSALFADS","Auto Insert (ALF/ADS) Wire Cross Section"
"DEPR1000","Strahlungsrückgang nach 1000 Stunden"
"LMEFFPW_MAX","Bemessungslichtausbeute (max.)"
"LMEFFPW_MIN","Bemessungslichtausbeute (min.)"
"LAMCEL60","Lampenstrom EL bei ±60 % Leistung"
"UNITA","Einheitstyp A"
"RAL","RAL-Farbe"
"IPV","Schutzart (IP)"
"LI10PREL1","Lebensdauer bis 10 % Ausfall vorgeheizt, EL1h"
"TAMBIENT_MIN","Umgebungstemperatur (min.)"
"NLP2","Anzahl Lichtquellen 2"
"LMEFFPW_NOM","Nennlichtausbeute (Nom)"
"SWITCHING","Geeignet zum häufigen An- und Ausschalten"
"ASYMBEAM","Asymmetrischer Strahlungswinkel"
"PSY-SOXE","Systemleistung für SOX-E"
"INPOVVOLT","Eingangsüberspannungstoleranz"
"CALCURRENT","Bemessungsstrom"
"CIRCUITOPT","Verdrahtungsoption"
"WIRING","Interne Verdrahtung"
"LIFEYEA120","Lebensdauer in Jahren bei 3 Std. Betrieb/Tag @120 V"
"DEPR500","Strahlungsrückgang nach 500 Stunden"
"PSY-PLC","Energieverlust für PL-C"
"ENRGYSTAR","Energy Star-Zeichen"
"DESIGNGR","Design"
"MAXDIMLVL","Maximaler Dimmlevel"
"LOAC_NOM","Gesamtlänge C (Nom)"
"FOOTNOTEHID3","Fußnoten HID 3"
"SPR","Lumen-Verhältnis skotopisch/photopisch"
"LOAC_MAX","Gesamtlänge C (Max)"
"LOAC_MIN","Gesamtlänge C (Min)"
"LAMCUREM_NOM","Lampenstrom EM (Nom)"
"LINSB_MIN","Einschublänge B (Min)"
"LINSB_NOM","Einschublänge B (Nom)"
"LINSB_MAX","Einschublänge B (Max)"
"PSY-PLS","Energieverlust für PL-S"
"LAMCUREM_MAX","Lampenstrom EM (max.)"
"CAPDIAMV_MIN","Kappendurchmesser V (Min)"
"INPOWANSI","Eingangsleistung (ANSI)"
"CAPDIAMV_NOM","Kappendurchmesser V (Nom)"
"CAPDIAMV_MAX","Kappendurchmesser V (Max)"
"OUTPOWSEL","Auswahl Ausgangsleistung"
"PLO-PL-T","Energieverlust für PL-T"
"MNSVOLTPF","Leistung mit Netzspannung (DC)"
"BEAMANGLMP_NOM","Ausstrahlungswinkel (Nom)"
"PLO-PL-S","Energieverlust für PL-S"
"COLLAMP","Farbe der Lichtquelle"
"NTCRESTHR","Schwellenwert NTC-Stoßfestigkeit"
"SO-CCXD25_MAX","Farbkoordinate X (SO) (max.)"
"SO-CCXD25_MIN","Farbkoordinate X (SO) (min.)"
"REFLFIN","Reflektoroberfläche"
"MNSVOLTOP","Betrieb mit Netzspannung (DC)"
"TAMBIENT_MAX","Umgebungstemperatur (max.)"
"TIMRUNMA_MAX","Betriebsdauer (max.)"
"PHOTORISK","Fotobiologisches Risiko"
"CLRP","Farbe der Teile"
"WARRANTY","Garantiedauer"
"SO-CCXD25_NOM","Farbkoordinate X (SO) (Nom)"
"CLRCH","Farbwahl"
"PWRCONSRNG_NOM","Elektrische Leistungsaufnahme (Nom)"
"PWRCONSRNG_MAX","Elektrische Leistungsaufnahme (max.)"
"PWRCONSRNG_MIN","Elektrische Leistungsaufnahme (min.)"
"DALSTAND","DALI-Standard"
"PRT-PL-L","Lampen-Nennleistung für PL-L"
"PLCLR","Mastfarbe"
"PRT-CPOCDM","Lampen-Nennleistung für CPO-CDM"
"IGNATT","Zündungsversuche"
"BULBSHAPE","Kolbenform"
"OUTPTAWG","Leitungsquerschnitt sekundär"
"WOAI_MIN","Innendurchmesser I (Min)"
"AIM","Ausrichtungsmarkierung"
"BRPLDIAM","Durchmesser Ausleger zu Mast"
"LAMPPOWER2","Lampenleistung 2"
"RELHUMID_MIN","Relative Luftfeuchtigkeit (Betrieb) (min.)"
"WOAE_MAX","Gesamtbreite E (Max)"
"WOAE_MIN","Gesamtbreite E (Min)"
"PSY-PLT","Systemleistung für PL-T"
"FILALENGTW","Filamentlänge W"
"LAMCUREM_MIN","Lampenstrom EM (min.)"
"RELHUMID_NOM","Relative Luftfeuchtigkeit (Betrieb) (Nom)"
"RELHUMID_MAX","Relative Luftfeuchtigkeit (Betrieb) (max.)"
"LIFEHR12US","Lebensdauer 12 Std. Start (Std.)"
"TCSWITCHOF_NOM","Abschaltungstemperatur (Nom)"
"TCSWITCHOF_MIN","T-Gehäuse-Ausschalten (min.)"
"PINLEK_MIN","Pin-Länge K (Min)"
"CONTYPEOUT","Anschlussklemme sekundär"
"PINLEK_NOM","Pin-Länge K (Nom)"
"PINLEK_MAX","Pin-Länge K (Max)"
"HIPOTTE2SE","Hipot-Test (2 Sekunden)"
"GLDIM","Kabeleinführung für Dimmsignal"
"T1ESC","100% Lampenbetrieb vor Start Dim."
"CORTEMP_MIN","Ähnlichste Farbtemperatur"
"FK_FG_LP_SMART_PRODUCT","Intelligente FG-Produkte"
"INCUROPECI","Eingangsstrom (Leerlauf)"
"PLA-TL-D","Lampenleistung für TL-D"
"GLAREACC","Blendschutzzubehör"
"US-CATALOGNUMBER DESCRIPTION","Handelsgesetzbuch"
"PPFMAIN8K","PPF-Wartung 8000 Std."
"CORTEMP_NOM","Ähnlichste Farbtemperatur (Nom)"
"CORTEMP_MAX","Ähnlichste Farbtemperatur (max.)"
"CAPBASEI","Sockelinformation"
"LCABLEX_MAX","Kabellänge X (Max)"
"LCABLEX_MIN","Kabellänge X (Min)"
"LEDSPACING","Platz zwischen LEDs"
"WOAI_MAX","Innendurchmesser I (Max)"
"AMTEMP","Umgebungstemperaturbereich"
"PLCOAT","Pole coating"
"LCABLEX_NOM","Kabellänge X (Nom)"
"TRAFO","Betriebsgerät"
"STRIK3KA","Stromimpulse mit 3 kA (CM/DM)"
"REGLVLPWR","Dimmbereich"
"CTRLVOLT","Spannung Steuersignal"
"INFPL","Füllplatte"
"LLMF6000","Strahlungsrückgang nach 5000h"
"LLMF12000","LLMF 12k h Nenn-,Sockel ho."
"LLMF4000","LLMF 4k h Nenn-,Sockel ho."
"BEAMANGLMP_MIN","Abstrahlungswinkel (min.)"
"BEAMANGT_MIN","gemessener Ausstrahlungswinkel"
"BEAMANGT_MAX","gemessener Ausstrahlungswinkel"
"LUMFLUXRAT_NOM","Nennlichtstrom (Nom)"
"FOOTNOTEHID4","Fußnoten HID 4"
"TAMBIENTG_MIN","Umgebungstemperatur (Getriebe) (min.)"
"MINUNIDIST","Minimaler Abstand für gleichmäßige Ausleuchtung"
"SURF85","Surf 85"
"SURF76","Surf 76"
"CERTULRECCAN","UL Recognized Canada & US"
"LUMFLUXRAT_MIN","Nennlichtstrom (min.)"
"PSY-TL-DE","Systemleistung für TL-D ECO"
"LMAINEOL","Restlichtstrom am Ende der Nutzlebensdauer"
"FCC-MARK","FCC-Zeichen"
"LMAIN1500","Restlichtstrom 1500h"
"LSF8000","SSF 8000h Nenn-, 3h Zyklus"
"LSF28000","LSF 28000 h Ang."
"SYSPOW","Systemleistung EM"
"PRT-POWER","Lampen-Nennleistung"
"LEADWIRDIA_MAX","Eingangs-Leiterquerschnitt (max.)"
"LMAIN8000","Restlichtstrom EL 8000h"
"ETIM.V7.EF000215 A","EF000215 - Type of accessory/spare part"
"HEIC2","Höhe C2"
"SO-CCYD25_MIN","Farbkoordinate Y (SO) (min.)"
"SO-CCYD25_NOM","Farbkoordinate Y (SO) (Nom)"
"PROGDIMMOP","Optionen für programmierbares Dimmen"
"SO-CCYD25_MAX","Farbkoordinate Y (SO) (max.)"
"GRTMAT","Material Montageplatte"
"OPTC","Optic type outdoor"
"TPINTSURF_MAX","Wärmeleistung an Wärmeschnittstellenoberfläche (max.)"
"LIHR3ISUS","Lebensdauer 3 Std. Sofortstart (Std.)"
"AIMATT","Ausrichtungszubehör"
"HEIC1","Höhe C1"
"UVARED0H","UV-A-Strahlung 0 Std. (IEC)"
"NAMETYPE","Namenstyp"
"PFCUNITA","Produktfamiliencode Einheit A"
"UVBRADIAE","UV-B-Strahlung 100 Std. (IEC)"
"ALLOWWIRRE","automatiersierte Verdrahtung zugelassen"
"LPHOT70","Lebensdauer bis 70 % Photonenfluss"
"NLP","Anzahl Lichtquellen"
"OPTE","Optisches Element"
"GLMAT","Material der Kabeleinführung"
"GLMAI","Kabeleinführung Zuleitung"
"RUNUPTMDIM","Anlaufzeit vor dem Dimmen"
"PLTYP","Masttyp"
"COOLING","Kühlung"
"CIRCUITTYP","Schaltungstyp"
"PWRLOSS220","Energieverlust bei 220 V"
"APPLCODEGR","Anwendungscode"
"STRIPLEN","Abisolierlänge"
"STNDTMPMRK","Temperatur-Kennzeichnung"
"FIXLENGTH_MAX","Abstand Befestigungspunkte (max.)"
"ENERGSAVPR","Energiesparendes Produkt"
"CONWATTDEV","Leistungsabweichung"
"FIXLENGTH_MIN","Abstand Befestigungspunkte (min.)"
"FIXLENGTH_NOM","Abstand Befestigungspunkte (Nom)"
"WEEE-MARK","WEEE-Zeichen"
"PLO-TL-D","Energieverlust für PL-D"
"PPFMAIN6K","PPF-Wartung 6000 Std."
"LEAKCURR_NOM","Ableitstrom (nom.)"
"NGR","Anzahl Vorschaltgeräte"
"LEAKCURR_MAX","Ableitstrom (max.)"
"TESTSURGIL","Überspannungstest Installation"
"RAPACTFU","Schnell wirksame HBC-Sicherung"
"HEIC3","Höhe C3"
"INSTALL","Fertig zur Installation"
"LMAIN40US","Lebensdauer bis 40 % Restlichtstrom"
"HEIC4","Höhe C4"
"STBLMPOPER","Optimale Arbeitstemperatur der Lampe"
"BEAMSPRD","Ausstrahlungswinkel Leuchte"
"LEDSHAPE","Form"
"ROHS-MARK","RoHS-Zeichen"
"WAVEL_MIN","Wellenlänge (min.)"
"PRT-PLC","Lampen-Nennleistung für PL-C"
"PRT-CDO","Lampen-Nennleistung für CDO"
"PRT-CDM","Lampen-Nennleistung für CDM"
"SAFBR","Sicherheitsbügel"
"PLO-CPO","Energieverlust für CPO"
"LIFEYEAR","Lebensdauer bei 3 Std. Betrieb/Tag"
"OPVOLTDC","Normale Betriebsspannung (DC)"
"LUMISTEPDT","Lumistep Dimmzeit"
"PLO-TL5C","Energieverlust für TL5C"
"WAVEL_MAX","Wellenlänge (max.)"
"TIMRUN90_MIN","Anlaufzeit 90 % (min.)"
"TIMRUN90_NOM","Anlaufzeit 90 % (Nom)"
"TIMRUN90_MAX","Anlaufzeit 90 % (max.)"
"SYSDESCR","Lampensystembeschreibung"
"LIFE50LUM","Lebensdauer bis 50 % Restlichtstrom"
"REFLATT","Reflektoren"
"LAMPFAM2","Lampenfamiliencode 2"
"PINDIP_MAX","Pin-Durchmesser P (Max)"
"ETIMGRP","ETIM Klasse"
"PLA-TL5C","Lampenleistung für TL5C"
"STNDQUALIT","Qualitätsstandard"
"MOUNTING","Montage"
"MOLENGUS_MAX","Maximale Gesamtlänge (max.)"
"TCASEMAX_NOM","Gehäusetemperatur (max)"
"ALLOWWIRTH","Reihen-Schaltung zugelassen"
"LIGHTSREPL","Lichtquelle austauschbar"
"CONWACM","Leistungsaufnahme per Zentimeter"
"PINDIP_MIN","Pin-Durchmesser P (Min)"
"TCASEMAX_MAX","Maximum T-Gehäuse (max.)"
"PINDIP_NOM","Pin-Durchmesser P (Nom)"
"DEPRUSELIF","Strahlungsrückgang bei Nutzlebensdauer"
"PRT-PLT","Lampen-Nennleistung für PL-T"
"LCLL_MIN","Lichtschwerpunkt (LCL) [inch] (Min)"
"DIMMING","Dimmbereich"
"FIXWIDTH","Befestigungspunkt querseitig"
"LENA3","Länge A3"
"NUNIT","Anzahl der Einheiten"
"LENA4","Länge A4"
"ALLOWWIRTA","Tandem-Schaltung zugelassen"
"COUNTRY","Länderversion"
"TYPNBR","Typnummer"
"RESISTOR","Widerstand"
"CABLTYP","Anschlusskabeltyp"
"LENA1","Länge A1"
"PRT-SOXE","Lampen-Nennleistung für SOX-E"
"PRT-PLS","Lampen-Nennleistung für PL-S"
"LENA2","Länge A2"
"CAPINDIAM","Kathodenbolzendurchmesser"
"CABLENTRY","Kabelausgangspunkt"
"COLINPTERM","Farbe der Eingangsklemmen"
"PRT-TL5HT","Lampen-Nennleistung für TL5 HT"
"BULBMAT","Kolbenmaterial"
"STEP.ZRCC.CHAR.PCKCONF","Aubau Verpackung"
"SYSEFF","Lichtausbeute des Systems"
"CCC-MARK","CCC-Zeichen"
"PRT-CPO","Lampen-Nennleistung für CPO"
"MINDIMLEV","Minimaler Dimmlevel"
"LIHR12PSUS","Lebensdauer 12 Std. Programmstart (Std.)"
"OUTVOLTTOL_MIN","Ausgangsspannungstoleranz (min.)"
"OUTVOLTTOL_MAX","Ausgangsspannungstoleranz (max.)"
"DEPR8000","Strahlungsrückgang nach 500 Stunden"
"DEPR5000","Strahlungsrückgang nach 500 Stunden"
"PSY-CPO","Systemleistung für CPO"
"PFOIL","Schutzfolie"
"DEPR2000","Strahlungsrückgang nach 500 Stunden"
"AUTORSTART","Automatischer Neustart"
"PSY-CDO","Systemleistung für CDO"
"PSY-CDM","Systemleistung für CDM"
"FIXLENSUS","Befestigungspunkt längsseitig"
"EBLF_NOM","Notfall-Vorschaltgerät Lumenfaktor (EBLF) (Nom)"
"EBLF_MIN","Notfall-Vorschaltgerät Lumenfaktor (EBLF) (min.)"
"CVRACC","Optical cover/lens type accessory"
"COLLAMP2","Farbe der Lichtquelle 2"
"LEDTECH","Technischer Typ"
"TWINDING_MAX","T-Windung (max.)"
"OVERHEAT","Überhitzungsschutz"
"PRT-TL5HO","Lampen-Nennleistung für TL5 HO"
"B50L70","B50L70"
"LEADWIRDIA_MIN","Eingangs-Leiterquerschnitt (min.)"
"COATING","Beschichtung"
"BRTYP","Auslegertyp"
"COLCONS","Farbkonsistenz"
"PSY-TL5","Systemleistung für TL5"
"APPMARK","Zeichen & Zertifikate"
"LUMINT_MAX","Lichtstärke (max.)"
"STNDEMCIMM","EMC-Immunitätsstandard"
"PRT-TL5HE","Lampen-Nennleistung für TL5 HE"
"PLACDMECPO","Lampenleistung für CDMe/CPO"
"OUTCURRTOL_MAX","Toleranz Ausgangsstrom (max.)"
"LUMINT_MIN","Lichtstärke (min.)"
"LUMINT_NOM","Lichtstärke (Nom)"
"POWERTOL","Toleranz Leistungsaufnahme"
"SWITCYCL","Schaltzyklus"
"LLMF30000","LLMF 30k h Nenn-,Sockel ho."
"PRODTYP","Produkttyp"
"OUTCURRTOL_MIN","Toleranz Ausgangsstrom (min.)"
"ASYBEAM","Asymmetrischer Strahlungswinkel"
"CABCAPMAX_NOM","Kabelkapazität von Gerät zu Lampe (Nom)"
"CABCAPMAX_MAX","Kabelkapazität von Gerät zu Lampe (max.)"
"LAMPFOOT","Lampenfuß"
"PRT-TL5","Lampen-Nennleistung für TL5"
"IPCLASSLUM","Leuchten-Schutzart (IP)"
"SRGPROT","Überspannungsschutz (allgemein/differenziell)"
"OVVOLTPR280","Überspannungsschutz 380Vac"
"TEMPDESIGN_MAX","Auslegungstemperatur (max.)"
"TEMPDESIGN_MIN","Auslegungstemperatur (min.)"
"PLODP-CPO","Energieverlust für CPO beim Dimmen"
"IGNVOLT_MAX","Zündungsspannung (max.)"
"IGNVOLT_MIN","Zündspannung (min.)"
"RESPVOLT","Ansprechspannung"
"TEMPDESIGN_NOM","Auslegungstemperatur (nom.)"
"DEFAMTEMP","Default Ambient Temperature"
"LSF4000P","LSF Warm 4kh Nenn-, 3h"
"OPCONDNOTE","Operating Conditions Note"
"ILCOSCODE","ILCOS Code"
"DEFGEAR","Default Gear"
"DEFCYCTIM","Default Cycle Time"
"DEFBURNPOS","Default Burning Position"
"COMM.SAFETY","Warn- und Sicherheitshinweise"
"LEADWIRDIA_MIN2","Eingangs-Leiterquerschnitt (min.) 2"
"COMM.PRICELIST","Text für Preisliste"
"COMM.PRODBENEFITS","Produktvorteile"
"COMM.HEADERWOW","Kopfzeilen-Text"
"LEADWIRDIA2","Eingangs-Leiterquerschnitt (nom.) 2"
"COMM.INTRO","Einführungstext"
"COMM.PRODFAMTBL","Produktfamilien-Tabelle"
"LMAIN6000","Restlichtstrom 6000h"
"COMM.APPLIC","Anwendungsbereiche"
"OUTPWIRDIA_NOM2","Ausgangs-Leiterquerschnitt (nom.) 2"
"COMM.PRODFEATURES","Produktmerkmale"
"COMM.ENVIRO","Umgebung"
"COMM.DIRFORUSE","Gebrauchsanleitungen"
"COMM.SYSTEM","System"
"LEADWIRDIA_MAX2","Eingangs-Leiterquerschnitt (max.) 2"
"COMM.UNIQSELLPTS","Alleinstellungsmerkmale"
"OPERCOND","Betriebsbedingungen"
"NOTE","Hinweis"
"LOOPTHR","Möglichkeit zur Durchgangsverdrahtung"
"REGMETH","Regulierungsmethode"
"RECNTC","Empfohlener NTC-Typ"
"RECDIM","Liste empfohlener Dimmer (TE)"
"PSDIMOPT","Voreingestellte Dimmoption"
"LSF6000P","LSF Warm 6kh Nenn-, 3h"
"WIRFRM","Drahtgestellversion"
"WIRINS","Kabelisolierung"
"SUITFIXCLS","Geeignet für Aufsatz-Schutzklasse"
"DIAG","Diagnose"
"AUXOUTISO","Hilfsausgang isoliert"
"ADJOUTCUR","Einstellbarer Ausgangsstrom"
"COMPATDIM","Kompatible Dimmer"
"COLSTABIND","Farbstabilitätsindex"
"AUXOUTNON","Hilfsausgang nicht isoliert"
"GALVISO","Galvanische Trennung"
"ESDSUSC","ESD-Störanfälligkeit"
"CONFIGINT","Konfigurationsschnittstelle"
"LSTYPE","Typ der Lichtquelle"
"LSCLASS","Lichtquellen-Klasse"
"HOUSFORM","Formfaktor Gehäuse"
"LLMF2000","Strahlungsrückgang nach 2000h"
"LI10PR","Lebensd.10%Ausfallr. Warm EL3h"
"DIAMD_MAX","Durchmesser D [inch] (Max)"
"PEAKIGN_MIN","Zündimpulsspannung (min.)"
"PEAKIGN_NOM","Zündimpulsspannung (Nom)"
"PEAKIGN_MAX","Zündimpulsspannung (max.)"
"LIFEL50T50","Lebensdauer bis 50 % Anfangslichtfluss bei 50°C"
"LMAIN10US","Lebensdauer bis 10 % Restlichtstrom"
"TCMODCOFF","Modultemperaturschutz"
"PLA-SOXE","Lampenleistung für SOX-E"
"PLODP-CDM","Energieverlust für CDMe/CPO beim Dimmen"
"BALLTYPE","Vorschaltgerätetyp"
"PLODP-CDO","Energieverlust für CDO beim Dimmen"
"LEADWIRDIA","Hauptkabeldurchmesser"
"HOUSINGDIM","Abmessungen Gehäuse"
"WAVEL_NOM","Wellenlänge (Nom)"
"CVRMAT","Material optische Abdeckung/Linse"
"MECHACC","Mechanisches Zubehör"
"LIFE100_NOM","Nennlebensdauer (Nom)"
"US-CATALOGNUMBER","Handelsgesetzbuch"
"STRAINBIGP","Große Parabel"
"LAMPFAM","Lampenfamiliencode"
"GEAR","Betriebsgerät"
"LAMVEL35","Lampenspannung EL 35°C"
"TEMPINCH_MAX","Quetschungstemperatur (max.)"
"CQC-MARK","CQC-Zeichen"
"TESTSURGPC","Überspannungstest-Leistungskriterium"
"POWEREQUIV","Äquivalente Leistung"
"TEMPINCH_MIN","Quetschungstemperatur (min.)"
"TEMPINCH_NOM","Quetschungstemperatur (Nom)"
"CABL","Kabel"
"KOMBI","Kombipack"
"STARTTIME_NOM","Startzeit (Nom)"
"STARTTIME_MAX","Startzeit (max.)"
"UVCRADIA","UV-C-Strahlung"
"WIDTH","Breite"
"TOTWIDTH","Gesamte Breite"
"DESA-MARK","Design Awards"
"LAMPSTAT","Lampenstatus"
"ECON-MARK","Wirtschaftskennung"
"CENLUM","Leuchtenmittelpunkt"
"LOUT1MIN","Nomineller Lichtstrom nach 60 Sekunden"
"PCKCONF","Aubau Verpackung"
"LOCKRING","Sicherheits-Befestigungsring"
"LIFE100_MAX","Nennlebensdauer (max.)"
"LR2","Lichtsteuerung 2"
"LIFE100_MIN","Nennlebensdauer (min.)"
"LENCABX1","Kabellänge X1"
"DUPLICODE","Verdopplungscode"
"CEILPRFL","Deckenprofil"
"CAPBASE","Sockel"
"WIRGAUGE_NOM","Leitungsdicke (Nom)"
"WIRGAUGE_MAX","Leitungsdicke (max.)"
"CAPCATNUM","Katalognummer Kondensator"
"LUMFLRS","Lichtstromeinstellung(en) im 90°-Konus (nom.)"
"SKEWNESS_MAX","Schräge (max.)"
"FAMNAME","Familienname"
"WIRGAUGE_MIN","Leitungsdicke (min.)"
"NOLOADPROT","Leerlauf-Schutz"
"SUPVIGN_NOM","Zündspannung (Nom)"
"SUPVIGN_MAX","Zündspannung (max.)"
"SUPVIGN_MIN","Zündspannung (min.)"
"LIFEL50T25","Lebensdauer bis 50 % Anfangslichtfluss bei 25°C"
"PULSEVOLT_MIN","Impulsspannung (min.)"
"NRLED","Anzahl von LEDs"
"PRT-PLTC","Lampen-Nennleistung für PL-T/C"
"FILDIMEN","Glühfadenabmessungen BxH"
"PRODLENG","Produktlänge"
"LPHOT90","Lebensdauer bis 90 % Photonenfluss"
"SSW","getrennt schaltbar"
"PLO-SOXE","Energieverlust für SOX-E"
"HOTWRG","Verdrahtung beim Betrieb"
"FADERATEUP","Einblendrate"
"OUTPWIRDIA_MIN","Ausgangs-Leiterquerschnitt (min.)"
"OUTPWIRDIA_NOM","Ausgangs-Leiterquerschnitt (Nom)"
"OUTPWIRDIA_MAX","Ausgangs-Leiterquerschnitt (max.)"
"FILSHAPE","Glühfadenform"
"PRT-TL-D","Lampen-Nennleistung für TL-D"
"PLO-TL5HE","Energieverlust für TL5 HE"
"LEADWIRLEN","Hauptkabellänge"
"CIRCUIT","Schaltkreis"
"OPERPOS","Betriebsstellung"
"PLO-TL5HT","Energieverlust für TL5 HT"
"OUTPCURR_NOM","Ausgangsstrom (Nom)"
"OUTPCURR_MAX","Ausgangsstrom (max.)"
"STILTSIDE","Standardaufneigung Ansatzmontage"
"LIFEL70T25","Lebensdauer bis 70 % Anfangslichtfluss bei 25°C"
"PLO-TL5HO","Energieverlust für TL5 HO"
"HOUSLENGTH","Gehäuselänge"
"XUCDM.COPY.DTN","Gesamtbezeichnung des Produkts"
"LECAPA_MAX","Sockel - Sockel A - Abstand (Max)"
"LECAPA_MIN","Sockel - Sockel A - Abstand (Min)"
"COLTEMP","Init. korr. Farbtemperatur"
"MAXCBLLENH","Leitungslänge Hot Wire"
"LMPSUPVOLT","Lampenversorgungsspannung"
"XUCDM.COPY.FK_FG_LP_SMART_PRODUCT","Intelligente FG-Produkte"
"LECAPA_NOM","Sockel - Sockel A - Abstand (Nom)"
"SDCM","Standardabweichung Farbabgleich"
"LINEVOLT","Eingangsspannung"
"ACCMV","Zubehör enthalten"
"PHILCODE","Philips-Code"
"LUMIN120US","Lichtstärke @ 120V"
"OPTMAT","Optisches Material"
"OPT","Optiktyp"
"FIXMAT","Befestigungsmaterial"
"DIMMABLE","Dimmbar"
"FWIDB2","Befestigungslochabst B2 Breite"
"TOTLENGTH","Gesamte Länge"
"DIAM","Durchmesser"
"OPTA","Optische Einheit A"
"OPTB","Optische Einheit B"
"OPTC2","Optik 2"
"TOTDIAM","Gesamter Durchmesser"
"SHAPE","Leuchtenform"
"RTLMPPWRGR","Spezifizierte Lampenleistung des Vorschaltgeräts"
"LSF12000P","LSF Warm 12kh Nenn-, 3h"
"LRTYP","Typ der Lichtregelung"
"EXPCLS","Explosionsgefahrenklasse"
"LAMPHLDR","Lampenhalterung"
"INPCUR_NOM","Eingangsstrom (Nom)"
"INPCUR_MAX","Eingangsstrom (max.)"
"STRT","Starter"
"PLACCCLR","Pole accessory color"
"LSF30000","LSF 30kh Nenn-, 12h, S.ho."
"SKG-MARK","SKG Zeichen"
"PLA-PL-T","Lampenleistung für PL-T"
"PLA-PL-S","Lampenleistung für PL-S"
"LUMFLUX10000","Sys.nennlichtstrom EM25°C@10kh"
"PLA-PL-L","Lampenleistung für PL-L"
"INPCUR_MIN","Eingangsstrom (min.)"
"TEMPCAP_NOM","Sockeltemperatur (Nom)"
"OPTDISTRIB","Optische Lichtverteilung"
"TEMPCAP_MAX","Sockeltemperatur (max.)"
"TEMPCAP_MIN","Sockeltemperatur (min.)"
"PLO-CDO","Energieverlust für CDO"
"PLO-CDM","Energieverlust für CDM"
"SPACING","Abstandsmodul"
"UVBRADI5E","UV-B-Strahlung 5 Std. (IEC)"
"PROTLEVLN_MAX","Schutzstufe oben (L-N) bei 5 kA (max.)"
"INPTAWG","Leitungsquerschnitt primär"
"ANGLE","Winkel"
"PLDRTYP","Pole door type"
"ISOLCLASS","Isolationsklassifizierung"
"PLCPTYP","Pfahlsockeltyp"
"FIXATION","Befestigungstyp"
"CEILACC","Zubehör für Deckenmontage"
"PLA-PL-C","Lampenleistung für PL-C"
"CCY_NOM","Farbkoordinate Y (Nom)"
"CCY_MAX","Farbkoordinate Y (max.)"
"CCY_MIN","Farbkoordinate Y (min.)"
"CCX_NOM","Farbkoordinate X (Nom)"
"CCX_MAX","Farbkoordinate X (max.)"
"CCX_MIN","Farbkoordinate X (min.)"
"LIFEUSE_MIN","Nutzlebensdauer (min.)"
"INCURWIPFC","Stromaufnahme mit Leistungsfaktor-Kompensation"
"LIFESYST10","Lebensdauer System 10%Ausfallr"
"CAPVAL","Kondensatorwert"
"OPTCLOSED","IP optisches Element"
"LIFEUSE_NOM","Nutzlebensdauer (Nom)"
"LIFEUSE_MAX","Nutzlebensdauer (max.)"
"PROJBRD","Strahlermarke"
"INPPOW_MAX","Eingangsleistung (max.)"
"INPPOW_MIN","Eingangsleistung (min.)"
"PLODP-SON","Leistungsverlust SON beim Dimmen"
"ACCCLR","Zubehörfarbe"
"PRT-TL5C","Lampen-Nennleistung für TL5C"
"INPPOW_NOM","Eingangsleistung (Nom)"
"DRVCURRENT","Treiberstrom"
"PLO-TL5","Energieverlust für TL5"
"RDDA-MARK","ReddotDesign Award"
"DISTRIB","Händler"
"LUMEN","Lichtstrom Quelle"
"LOACUS_MAX","Gesamtlänge C [inch] (Max)"
"PLO-SON","Energieverlust für SON"
"POWER","Lampenleistung EM 25°C,nominal"
"PLO-TL","Energieverlust für TL"
"BEAMANGLE","Ausstrahlungswinkel der Lichtquelle"
"GEAR2","Betriebsgerät 2"
"MAGNET","Magnet"
"FRMCLR","Rahmenfarbe"
"OPFREQ_MIN","Betriebsfrequenz (min.)"
"OPFREQ_NOM","Betriebsfrequenz (Nom)"
"OPFREQ_MAX","Betriebsfrequenz (max.)"
"RECFUSE","Empfohlener Sicherungswert"
"PLO-SOX","Energieverlust für SOX"
"RFI55015","EMV 9 kHz … 30 MHz"
"DIAMETER","Durchmesser"
"DRIVERINCL","Betriebsgerät inklusive"
"SECSHCIRCU","Sekundärer Kurzschlussstrom"
"LUMDESIGUS","Mittlerer Lichtstrom"
"THD","Gesamte harmonische Verzerrung"
"CONTYPEINP","Typ Anschlussklemme Eingang"
"PSY-TL5HT","Systemleistung für TL5 HT"
"FHEIC2","Befestig.-lochabst. Höhe C2"
"BRLENGTH","Auslegerlänge"
"CISPR15","EMV 9 kHz … 300 MHz"
"LAMCURMAXL","Lampenstrom EL 35°C"
"PSY-TL5HE","Systemleistung für TL5 HE"
"PSY-TL5HO","Systemleistung für TL5 HO"
"LSF20000P","LSF Warm 20kh Nenn-, 3h"
"TIMEREIGM_MIN","Wiederzündzeit (minimal, in Minuten)"
"TIMEREIGM_NOM","Wiederzündzeit (Nom, in Minuten)"
"TIMEREIGM_MAX","Wiederzündzeit (maximal, in Minuten)"
"PET_MIN","PET (Niosh) (min.)"
"PET_NOM","PET (Niosh) (Nom)"
"PRIMFUS","Primäres Sicherungssystem"
"UVBARATE","UV-A/UV-B (IEC)"
"CLS","IEC-Schutzart"
"CLR","Farbe"
"JCODE","J-Code"
"IGNTEMRAT","Zündgeräte-Temperaturbewertung"
"PLA-TL5ECO","Lampenleistung für TL5 ECO"
"RLIFETIMEH","Lebensdauer 50%Ausfallr. @120V"
"REGION","Regionale Version"
"CMP","Kompensation"
"RLIFETIMEY","Nennlebensdauer [Jahre]"
"PLBRMT","Mastanbringungs-Halter"
"CABLLENGTH","Anschlusskabellänge"
"LAMPPOWER","Lampenleistung"
"EFCACYFCT","Leuchtstärkenfaktor"
"CTRLWIRLEN","Länge Kontrollleitung"
"GEOMETRY","Geometrie"
"EMERGACC","Zubehör Sicherheitsbeleuchtung"
"STRIK1KA","Stromimpulse mit 1 kA (CM/DM)"
"TOTHEIGHT","Gesamte Höhe"
"MAXLMPWR","Maximale Lampenleistung"
"FILTER","Filter und Linsen"
"DIMF1","Dimension F1"
"NOMSURGCUR","Überspannungs-Eingangsstrom"
"RFI55022","EMV 30 MHz … 1000 MHz"
"NRIGNPULSE","Anzahl der Zündungsstöße"
"PHC","Fotozelle"
"TAMBIENTG_MAX","Umgebungstemperatur (Vorschaltgerät) (max.)"
"ACCRAL","RAL-Farbe Zubehör"
"CVRSHAPE","Form optische Abdeckung/Linse"
"PLSHAPE","Mastform"
"LUMPOS","Leuchtenposition"
"CRINDEX4H_NOM","Farbwiedergabeindex nach 4h (Nom)"
"CRINDEX20H_NOM","Farbwiedergabeindex nach 20h (Nom)"
"STEP.MARM.NTGEW.PCE","Nettogewicht (Einzelteil)"
"SRVCCLS","Servicefreundlichkeitsklasse"
"STEP.MARA.ZZFAMCOD","Leuchtentyp"
"C-Tick","C-Tick"
"ARCGAP","Lichtbogenstrecke"
"PITLENGHT","Wirklänge"
"LSIZE","L-Größe"
"LIFEL90B50","Nutzlebensdauer L90B50"
"MNSVOLTPAC","Leistung mit Netzspannung (AC)"
"FOOTNOTEI3","Fußnote Glühlampen 3"
"STEP.MARM.UMREZ.CAS","Anzahl pro Umverpackung"
"BRCLR","Auslegerfarbe"
"STEP.MARM.EAN11.CAS","EAN Umverpackung"
"STEP.MARA.MATNR","Material-Nr. (12NC)"
"POWMAXLUM","Lp.Leistung EL 35°C Sockel ob."
"LMAIN4000_NOM","Restlichtstrom 4000 Std. (Nom)"
"LMAIN4000_MAX","Restlichtstrom 4000 Std. (max.)"
"LMAIN4000_MIN","Restlichtstrom 4000 Std. (min.)"
"ANSICODEHID","ANSI-Code HID"
"SOLMEFD25_MIN","Lichtausbeute (SO) (min.)"
"STEP.MARM.UMREZ.PCE","Anzahl pro Verpackung"
"LSF6000","SSF 6000h Nenn-, 3h Zyklus"
"LIFE90SURVTC","MTBF (10% Ausfall @ Tcaselife)"
"FOOTNOTEF1","Fußnoten fluoreszierend/CFL 1"
"IGNTYPE","Zündgerätetyp"
"SOLMEFD25_NOM","Lichtausbeute (SO) (Nom)"
"FOOTNOTEF2","Fußnoten fluoreszierend/CFL 2"
"DIMMPEROP","Dimmperiode Option"
"LSF16000P","LSF Warm 16kh Nenn-, 3h"
"LIFE20FAIL_MIN","Lebensdauer bis 20 % Ausfall (min.)"
"LIFE20FAIL_NOM","Lebensdauer bis 20 % Ausfall (Nom)"
"LIFE20FAIL_MAX","Lebensdauer bis 20 % Ausfall (max.)"
"OVVOLTPR250","Überspannungsschutz 350Vac"
"LIFEL80B10","Nutzlebensdauer L80B10"
"OUTPWIRDIA_MAX2","Ausgangs-Leiterquerschnitt (max.) 2"
"OUTPWIRDIA_MIN2","Ausgangs-Leiterquerschnitt (min.) 2"
"COLTEMPTECH","Farbtemp.techn.,Sockel horiz."
"FIXCLR","Farbe der Befestigung"
"remark_text","Hinweis"
"CLO","Konstante Lichtabstrahlung"
"LLMF8000","LLMF 8k h Nenn-,Sockel ho."
"MEAS_TOBE_GEN","Abmessungsdateien werden generiert"
"CANDELA","Achsenintensität in Candela"
"LUMA","Mittlere Leuchtdichte EM"
"LSF8000P","LSF Warm 8kh Nenn-, 3h"
"RECDIMH","Einbauhöhe"
"RECDIML","Einbaulänge"
"COMCODEAP","Handelsgesetzbuch"
"RECDIMW","Einbaubreite"
"CUTLENGTH","Länge Deckenausschnitt"
"FIXLENGTH3","Befestigungspunkt längsseitig3"
"CUTWIDTH","Breite Deckenausschnitt"
"XUCDM.COPY.LP_CSI_EOP_FULL_EOC","Gesamt-Produktcode"
"XUCDM.COPY.Product.Title","Bestell-Produktname"
"CURRENT","Abgeschätzter Strom"
"REFLHEIGHT","Reflektor Höhe"
"SUSPHEIGHT","Lichtpunkthöhe"
"FIXLENGTH5","Befestigungspunkt längsseitig5"
"FIXLENGTH4","Befestigungspunkt längsseitig4"
"FIXLENSUS2","Bef.punkt längss. Aufhängung 2"
"THDIEC_NOM","Gesamte Harmonische Verzerrung IEC (Nom)"
"HOUSCLR","Gehäusefarbe"
"FIXLENSUS3","Bef.punkt längss. Aufhängung 3"
"THDIEC_MAX","Gesamte Harmonische Oberwellen IEC (max.)"
"OPTDIAM","Optischer Durchmesser"
"TORQUE","Drehmoment"
"LI10NPR","Lebensd.10%Ausfallr. Kalt EL3h"
"HOUSLENEND","Gehäuselänge Endleuchte"
"HOUSWIDTH","Gehäusebreite"
"HOUSLENMID","Gehäuselänge Mittelleuchte"
"NOMLENUS","Nominelle Länge (Zoll)"
"CALC_HEIGHT_WIDTH_DEPTH","Abmessungen (Höhe x Breite x Tiefe)"
"LAMPEFFY","Lampeneffizienz"
"LPHLENGTH","Länge Lampenfassungsgehäuse"
"HOUS","Gehäuse"
"NCS","NCS Farbe"
"HEATDIS","Wärmeableitung"
"CAP","Kondensator"
"LVOLT_MIN","Spannung (min.)"
"12VOUTPUT","12V-Ausgang"
"HOUSCONF2","Gehäusekonfiguration 2"
"BRCOAT","Auslegerbeschichtung"
"MATERIAL","Material"
"SMART","Intelligente Produkte"
"CRI60","Farbwiedergabe @ ±60 % Leistung"
"RATEDPOWER_MIN","Nennleistung (min.)"
"MAINAPPL","Hauptanwendungsgebiet"
"TRW","Durchgangsverdrahtung"
"ENVEEL","Energieeffizienz-Label (EEL)"
"LCLL_MAX","Lichtschwerpunkt (LCL) [inch] (Max)"
"ANSICODEHAL","ANSI-Code Halogen"
"CAPREQ","Anforderungen Kondensator"
"MNSVOLMIN_MIN","Minimale Netzspannung Betrieb (min.)"
"ANPINDIAM","Anodenbolzendurchmesser"
"PSY-PLTC","Systemleistung für PL-T/C"
"IECCAT","IEC-Kategorie"
"PLO-CPOCDM","Energieverlust für CPO-CDM"
"ILLUM","Beleuchtungsstärke"
"BATTISOLAT","Batterieisolationsstufe"
"CCY60","Chrom. Koord. Y @ ±60 % Leistung"
"FRDLGHTOUT","Lichtabstrahlung nach vorne"
"CBLCAPWIRE_NOM","Kabelkapazität Ausgangskabel Sekundärseite (Nom)"
"CBLCAPWIRE_MAX","Kabelkapazität Ausgangskabel Sekundärseite (max.)"
"LVOLT_MAX","Spannung (max.)"
"RECYCL","Produkt-Wiederverwertbarkeit"
"PWRFCT100_MAX","Power Factor 100% Load (Max)"
"THDEUR220_MAX","Gesamte Harmonische Verzerrung bei 220 V (max.)"
"OPTWIDTH","Optische Breite"
"LMAIN15000","Restlichtstrom EM 15000h"
"HOUSGEOTYPE","Gehäuse-Geotyp"
"LUMFLUXT50","Lichtstrom-Neuwert bei 50°C"
"OPTGEOTYPE","Geotyp der Optik-Einheit"
"OPTLENGTH","Optische Länge"
"RATEDPOWER_NOM","Nennleistung (Nom)"
"XUCDM.COPY.LP_CSI_EOC8","Bestellcode"
"TIME70LF","Lebensdauer bis 70 % Restlichtstrom"
"RATEDPOWER_MAX","Nennleistung (max.)"
"OPTHEIGHT","Optische Höhe"
"LVOLT_NOM","Spannung (Nom)"
"PLO-TL-DE","Energieverlust für PL-D ECO"
"LCLL_NOM","Lichtschwerpunkt (LCL) [inch] (Nom)"
"XUCDM.COPY.EAN","EAN/UPC - Produkt"
"CTRLWIRDIA_NOM","Querschnitt Steuerungsleitung (nom)"
"TCASNOM","Nennwert T-Gehäuse"
"CTRLWIRDIA_MAX","Querschnitt Steuerungsleitung (max)"
"WCSINPTERM","Leitungsquerschnitt primär"
"ENGCSTYRUS","geschätzte Energiekosten/Jahr"
"LUMFLUX","Lichtstrom-Neuwert"
"NTCCORTEMP","Temperatur entsprechend NTC"
"AUXLMP","Hilfslichtquelle"
"CTRLWIRDIA_MIN","Querschnitt Steuerungsleitung (min)"
"SECFUS","Sekundäres Sicherungssystem"
"HUMCOND","Luftfeuchtigkeitsstandard"
"MAXCASTMP","Maximale Gehäusetemperatur (im Störfall)"
"DIAMD_MIN","Durchmesser D [inch] (Min)"
"LAMCUR_MAX","Lampenstrom (max.)"
"TYPDESCR","Typbeschreibung"
"PWRFACTWIC","Leistungsfaktor mit Kompensation"
"CVR","Typ optische Abdeckung/Linse"
"BEAMANGT","gemessener Ausstrahlungswinkel"
"LAMCUREL","Lampenstrom EL"
"STRIK5KA","Stromimpulse mit 5 kA (CM/DM)"
"LCTYPNMBR","Typnummer Lichtsteuerungen"
"CCX60","Chrom. Koord. X @ ±60 % Leistung"
"INSHORTCI","Eingangsstrom (Kurzschluss)"
"PSY-TL","Systemleistung für TL"
"CE-MARK","CE-Zeichen"
"INPWIRSTRP2","Leitungslänge primär 2"
"LAMCUR_MIN","Lampenstrom (min.)"
"GENVR","HF Generat. gemessene Spannung"
"PLA-PL-TC","Lampenleistung für PL-T/C"
"ENEC-MARK","ENEC-Zeichen"
"LLMF16000","LLMF 16k h Nenn-,Sockel ho."
"OUTWIRSTRP2","Ausgangs-Leitungslänge 2"
"LIFE5FAIL_MAX","Lebensdauer bis 5 % Ausfall (max.)"
"CLRFRM","Farbiger Rahmen"
"ARMHEIGHT","Ausleger Höhe"
"CHROMA","Initialer Farbraum"
"CRESTFCTOR_NOM","Scheitelfaktor (nom.)"
"CRESTFCTOR_MAX","Spitzenwert (max.)"
"LIFE5FAIL_MIN","Lebensdauer bis 5 % Ausfall (min.)"
"RIPPCURR_NOM","Restwelligkeit (nom.)"
"RIPPCURR_MAX","Restwelligkeit Ausgangsstrom (max.)"
"LIFE5FAIL_NOM","Lebensdauer bis 5 % Ausfall (Nom)"
"CAPTEMRAT","Nenntemperatur Kondensator"
"TESTVIBRA","Vibrationsstandard"
"LAMCUR_NOM","Lampenstrom (Nom)"
"PEFFUV","Spezifische Eff. Strahlungsleistung"
"CUTDIAM","Durchmesser Deckenausschnitt"
"HOUSINGGR","Gehäuse"
"TESTBUMP","Erschütterungsstandard"
"MAXONMCBB_NOM","Anzahl Produkte für MCB (16 A Typ B) (Nom)"
"THDEUR127_MAX","Gesamte Harmonische Verzerrung bei 127 V (max.)"
"WUT60PCLO_NOM","Aufwärmzeit bis 60 % Licht (Nom)"
"WUT60PCLO_MAX","Aufwärmzeit bis 60 % Licht (max.)"
"MAXONMCBC_MAX","Anzahl Leuchten pro Sicherung C16A (max.)"
"WUT60PCLO_MIN","Aufwärmzeit bis 60 % Licht (min.)"
"POWERFD50_MIN","Leistungsfaktor, 50 % Last (min.)"
"PRT-TL","Lampen-Nennleistung für TL"
"PWRFCTR_MIN","Leistungsfaktor (min.)"
"PSYCDMECPO","Systemleistung für CDMe/CPO"
"FEATURE","Eigenschaften"
"GLASSATT","Gläser"
"MAXBALLTA","Max. Abstand Vorschaltgerät-Lampe für Tandem-Verdrahtung"
"LMAIN2000_MIN","Restlichtstrom 2000 Std. (min.)"
"MAXBALLTH","Max. Abstand Vorschaltgerät-Lampe für Reihen-Verdrahtung"
"FIXANGLE","Neigungswinkel"
"PWRFCTR_MAX","Leistungsfaktor (max.)"
"INRUSHCURR","Einschaltstrom"
"MAXONMCBC_NOM","Anzahl Produkte für MCB (16 A Typ C) (Nom)"
"PRLEVLNEAR_MAX","Schutzlevel (CM) bei 5 kA (max)"
"THDEURMIN","Gesamte Harmonische Verzerrung EUR bei minimalem Dimmlevel"
"NUNITA","Anzahl der Einheiten A"
"FLAM-MARK","Entflammbarkeitszeichen"
"THDEURFULL","Gesamte Harmonische Verzerrung EUR unter Volllast"
"NUNITB","Anzahl der Einheiten B"
"INCURWID50","Einschaltstromzeit bis 50 % Spitze"
"SYSPOWER","Systemleistung"
"PICLUMHRUS","Pikogramm pro lm/h"
"PPF","Photosynthetischer Photonenstrom (PPF)"
"THRDHD","Dritte Harmonische Oberwelle"
"TIMEPRHEAT","Vorwärmzeit"
"INRUSHTIME","Einschaltzeit"
"OVLOADPROT","Überstromschutz"
"CONTRWIRGA","Querschnitt Steuerungsleitung"
"ULINSCLASS","UL-Isolationsklasse"
"MAXBALLRE","Max. Abstand Vorschaltgerät-Lampe bei Fern-Verdrahtung"
"MAXONMCBB_MIN","Anzahl Produkte für MCB (16 A Typ B) (min.)"
"RELHUMSTR","Relative Luftfeuchtigkeit (Lagerung)"
"SPAVAIL","Ersatzteile verfügbar"
"ERY320UP","Erythewirks.Strahlung <gt/>320nm"
"PWRFACTWOC_MIN","Leistungsfaktor ohne PF-Ausgleich (min.)"
"EFF320DO","UV Effective Power <lt/>320nm"
"EFF320UP","UV Effective Power <gt/>320nm"
"PWRFACTWOC_NOM","Leistungsfaktor ohne Kompensation (nom.)"
"PWRFACTWOC_MAX","Leistungsfaktor ohne PF-Ausgleich (max.)"
"WIDF_MIN","Breite F (Min)"
"WIDF_NOM","Breite F (Nom)"
"WIDF_MAX","Breite F (Max)"
"LSF12000","LSF 12kh Nenn-, 12h Zyklus"
"LUMENFLUX_MAX","Lichtstrom (max.)"
"IGNCATNUMB","Katalognummer Zündgerät"
"PHOTONFLUX","Photonenfluss"
"OPTEFF","Effizienz Optik"
"PLOCCDMCPO","Verlustleistung für CDMe/CPO"
"LOR","Lichtstromrate"
"LAMCSPAN","Lampenstrom"
"LIFEHR3US","Lebensdauer 3 Std. Start (Std.)"
"OVVOLTPR400","Überspannungsschutz 400 Vac"
"LINEVHIDHP","Eingangsspannung (Multi-Tab)"
"LMAIN2000_MAX","Restlichtstrom 2000 Std. (max.)"
"LMAIN2000_NOM","Restlichtstrom 2000 Std. (Nom)"
"TYPEVERSGR","Typ Version"
"MAXONMCBB_MAX","Anzahl Produkte für MCB (16 A Typ B) (max.)"
"BRFIXDIAM","Bracket to luminaire diameter"
"DEFLMPSELE","Voreingestellter Lampentyp"
"LSF4000","LSF 4000h Nenn-, 12h Zyklus"
"LARCO_MIN","Bogenlänge O (Min)"
"TIME50LF","Lebensdauer bis 50 % Restlichtstrom"
"LARCO_NOM","Bogenlänge O (Nom)"
"PWRFCTR_NOM","Leistungsfaktor (Nom)"
"LARCO_MAX","Bogenlänge O (Max)"
"ENVHGCONT_NOM","Quecksilbergehalt (Nom)"
"ENVHGCONT_MAX","Quecksilbergehalt (max.)"
"TMPSURF_MAX","Wärmewiderstand @ Wärmeschnittst.-Oberfl. (Max)"
"HEIC_NOM","Höhe C (Nom)"
"BULBFIN","Kolbenausführung"
"HEIC_MAX","Höhe C (Max)"
"LIFESERV","Lifecycle-Dienstleistungen"
"CSA-MARK","CSA-Zeichen"
"FILDEPTHD1","Drahttiefe D1"
"WIDB3","Breite B3"
"PREINTCONT","Voreingestellte integrierte Steuerungen"
"PRT-TL-DE","Lampen-Nennleistung für TL-D ECO"
"SPIGOTS","Mastanschluß"
"ENERCONS","Energieverbrauch kWh/1.000 Std."
"VIS_TOBE_GEN","Grafiken werden generiert"
"OPTACC","Optik-Zubehörtyp"
"ANSICODE","ANSI-Code"
"EMI","EMV-Standard"
"SUSPACC","Abhängezubehör"
"PROTDIM","Vorsprungmass"
"LUMCAT","Lumen-Kategorie"
"LIFESYST50","Lebensdauer System 50%Ausfallr"
"BCKUPFUSE","Erforderliche Backupsicherung"
"LLMF24000","LLMF 24k h Nenn-,Sockel ho."
"WIRELENGCO","Leitungslänge nach Farbe"
"TSTORAGE_MIN","Lagertemperatur (min)"
"TSTORAGE_MAX","Lagertemperatur (max)"
"FAILL70B50","Plötzlicher Ausfallwert für L70B50"
"RALSTD","Standard-RAL-Farbe"
"LRPERC","Lichtregulierungsanteil"
"SRTCIRC","Kurzschlussschutz"
"COLOUTTERM","Farbe der Ausgangsklemmen"
"BTTVGUAROPE","Batteriespannung garantierter Betrieb"
"CONN","Anschluss"
"PLA-TL","Lampenleistung für TL"
"GEARBRD","Getriebemarke"
"LMAIN12000_MAX","Restlichtstrom 12000 Std. (max.)"
"MAXCBLLEN","Kabellänge von Gerät zu Lampe"
"LUMENFLUX_NOM","Lichtstrom (Nom)"
"STRAINSMP","Kleine Parabel"
"CAPDIAOVDI","Kondensator-Durchmesser/Ovale Abmessungen"
"MDCOUTS_MAX","Quellstrom (DALI) (max.)"
"ULR","Nach oben gerichtete Lichtstromrate"
"MENTPOW_MAX","Maximale Wärmeleistung des Antriebs (max.)"
"LMAIN12000_NOM","Restlichtstrom 12000 Std. (Nom)"
"WIDB1","Breite B1"
"LUMENFLUX_MIN","Lichtstrom (min.)"
"WIDB4","Breite B4"
"LMAIN12000_MIN","Restlichtstrom 12000 Std. (min.)"
"HOUSFIN","Gehäuseveredelung"
"RTLMPQTYGR","Lampenanzahl"
"SYSPOWRAT","Systemnennleistung EM 25°C"
"LREFA_MIN","Referenzlänge A (Min)"
"LIFEL70B50","Nutzlebensdauer L70B50"
"LREFA_NOM","Referenzlänge A (Nom)"
"LREFA_MAX","Referenzlänge A (Max)"
"INDFAMCOD","Industrieller Familiencode"
"LMAIN1000_MIN","Restlichtstrom 1000 Std. (min.)"
"LAMPCONN","Lampenanschluss"
"PWRFCT100_MIN","Leistungsfaktor, 100 % Last (min.)"
"RBEAMANGLE","Nenn-Abstrahlungswinkel"
"PWRFCT100_NOM","Leistungsfaktor, 100 % Last (Nom)"
"LSF24000","LSF 24kh Nenn-, 12h, S.ho."
"PLA-CPO","Lampenleistung für CPO"
"SAFETYDEV","Sicherheitsvorrichtung"
"LMAIN1000_NOM","Restlichtstrom 1000 Std. (Nom)"
"PLA-TL5HO","Lampenleistung für TL5 HO"
"ILIFE","I-Lebensdauer"
"FAILL80B50","Plötzlicher Ausfallwert für L80B50"
"WIRDIAM","Zulässiger Kabeldurchmesser"
"AIRH","Abluftführung"
"PROFLMPSERT","Programmierbare Lampeneinstellungen"
"PSY-TL5C","Systemleistung für TL5C"
"LIFE33FAIL","Lebensdauer 33% Ausfallrate"
"PLA-TL5HE","Lampenleistung für TL5 HE"
"FDIAMD1","Befestigungslochdurchmesser D1"
"IMAX","I-max."
"SYSTEM","Systembeschreibung"
"FDIAMD2","Befestigungslochdurchmesser D2"
"PLO-PL-TC","Energieverlust für PL-T/C"
"SURFACE85","Oberfläche 85"
"PRT-TL5ECO","Lampen-Nennleistung für TL5 ECO"
"LAMPW120US","Lampen-Nennleistung @ 120 V"
"LMAIN50000_MIN","Restlichtstrom 50000 Std. (min.)"
"HUMNOISE","Brumm- und Geräuschpegel"
"FIXLENGTH2","Befestigungspunkt längsseitig2"
"GLWRTEST","Glühfadentest"
"MEASUREMENTEFFICIENCY","Messeffizienz"
"BATTCHCURR_NOM","Batterieladestrom (Nom)"
"BATTCHCURR_MAX","Batterieladestrom (max.)"
"LAMPFLUXTOTAL","Gesamtlichtstrom Lampe"
"BEAMANGLMP_MAX","Abstrahlungswinkel (max.)"
"LIHR12ISUS","Lebensdauer 12 Std. Sofortstart (Std.)"
"DFC_NOM","Schadensfaktor D/fc (Nom)"
"CORRECTIONFACTOR","Reflexionsfaktor"
"DFC_MAX","Schadensfaktor D/fc (max.)"
"IGNMETHOD","Zündmethode"
"LAMCRU_NOM","Anlauf-Lampenstrom (Nom)"
"LIFE95SURVTC","Lebensdauer 90%"
"LAMCRU_MAX","Anlauf-Lampenstrom (max.)"
"WCSCTRTERM","Steuerungs-Eingangsnennquerschnitt"
"THDUSA","Gesamte Harmonische Oberwellen USA"
"SURFACE76","Oberfläche 76"
"CONTYPE","Anschlusstyp"
"PINDSR","Pin-Abstand R"
"EL","Notfallbeleuchtung"
"INCURSTART","Eingangsstrom (zu Beginn)"
"FIXDIAM","Fixation diameter"
"CRINDEX_MAX","Farbwiedergabeindex (max.)"
"WIRETYP","Kabeltyp"
"MDEV","Montagevorrichtung"
"TSAFETY_MIN","T-Sicherheit (min.)"
"PLA-TL5HT","Lampenleistung für TL5 HT"
"OPCONAR","Optischer Kontaktbereich"
"FC","Filterspule"
"FS","Elektrische Sicherung"
"DLL","Dekoratives Streulicht"
"TSAFETY_MAX","T-Sicherheit (max.)"
"GNFL-MARK","Green Flagship-Zeichen"
"CW","Gegengewicht"
"PRCIGN","Empfohlenes Zündgerät"
"MAXSINKCUR_MAX","Stromsenke (max)"
"SYSCONF","Systemkonfiguration"
"CRINDEX_MIN","Farbwiedergabeindex (min.)"
"BALFCT_MAX","Ballast Factor (Max)"
"OUTWIRSTRP","Leitungslänge sekundär"
"BALFCT_MIN","Vorschaltgerätefaktor (min.)"
"FIXBOLT","Montagebolzen"
"BASEMOD","Basismodell"
"LIHR3PSUS","Lebensdauer 3 Std. Programmstart (Std.)"
"OPCIRVAC","Leerlaufspannung (AC)"
"BALFCT_NOM","Ballast Factor (Nom)"
"INPWIRSTRP","Leitungslänge  primär"
"UL-MARK","UL-Zeichen"
"LUMFL2700K","Lichtstrom-Neuwert"
"LUMEN120US","Lichtstrom Lampe @ 120 V"
"TOTLITSUR","Gesamte beleuchtete Fläche"
"PPFMAIN10K","PPF-Wartung 10000 Std."
"MASTSLAVE","Master/Slave (zweilampig)"
"INTTILT","Interne Neigung"
"CRINDEX_NOM","Farbwiedergabeindex (Nom.)"
"STNDENVMNT","Umweltnorm"
"PRTCDMECPO","Lampen-Nennleistung für CDMe/CPO"
"OUTPVOLT","Ausgangsspannung"
"LUMENFLUXS","Lichtstromeinstellung(en)"
"LUMENFLX90","Lichtrom im 90° Winkel"
"LUMFLUXSRAT","Lichtstromeinstellung(en) (nom.)"
"CBLCAPEART_MAX","Leitungskapazität Cold Wire zu Erde (Nom)"
"RATEDPOWS","Leistungseinstellung(en)"
"BLACKOUTRF","Ausfallwiderstandsfunktion"
"PLA-CDM","Lampenleistung für CDM"
"HOUSMAT","Gehäusematerial"
"CERTULREC","UL gelistet"
"KC","Sicherheitsstecker"
"PLA-CDO","Lampenleistung für CDO"
"CBLCAPEART_NOM","Kabelkapazität Ausgangskabel zu Erde (Nom)"
"SO-CTTD25_MIN","Farbtemperatur (SO) (min.)"
"IPCLASS","Schutzart (IP)"
"PSY-TL-D","Energieverlust für TL-D"
"BRANGLE","Bracket tilt angle"
"LEDTECHS","Technische Typeneinstellung(en)"
"AVEAMTEMP","Durchschnittliche Umgebungstemperatur"
"LENA_NOM","Länge A (Nom)"
"LENA_MAX","Länge A (Max)"
"TCASELIFE_MAX","T-Gehäuse-Lebensdauer (max.)"
"LUMFL4000K","Lichtstrom-Neuwert"
"STBPWRCONS_MAX","Energieverbrauch im Standby-Modus (max.)"
"PPFMAIN12K","PPF-Wartung 12000 Std."
"STNDEMERBU","Notfallstandard"
"CORTEMPS","Farbtemperatureinstellung(en)"
"LM100KT25","Lichtstromstabilität während der Nutzlebensdauer von 100.000 Stunden, bei 25 °C"
"EMI150KHZ","EMV 150 kHz … 1 GHz"
"TCASELIFE_NOM","Gehäusetemperatur (Nom)"
"COLCON0H","Initiale Farbkonsistenz"
"INTERFACE","Steuerungsschnittstelle"
"ELECACC","Elektrisches Zubehör"
"LUMCLASS","Leuchten-Schutzart (IP)"
"SO-CTTD25_NOM","Farbtemperatur (SO) (Nom)"
"SO-CTTD25_MAX","Farbtemperatur (SO) (max.)"
"CBLCAPEARC_NOM","Leitungskapazität Cold Wire zu Erde (Nom)"
"CBLCAPEARC_MAX","Leitungskapazität Cold Wire zu Erde (max)"
"LC","Lichtregelung"
"LR","Lichtregelung"
"VOLTINPDC","Eingangsspannung (DC)"
"CBLCAPEARH_NOM","Leitungskapazität Hot Wire zu Erde (Nom)"
"CBLCAPEARH_MAX","Kabelkapazität heißer Ausgang zu Erde (max.)"
"TIGNITION_MAX","Zündtemperatur (max)"
"TIGNITION_MIN","T-Zündung (min.)"
"FIXLENGTH","Befestigungspunkt längsseitig2"
"DOWNLTYP","Deckenstrahler"
"ENMET","Energiemessung"
"LSF20000","LSF 20kh Nenn-, 12h Zyklus"
"CORMOD","Korridormodus"
"SPRATIO","scotoptic/photopic Lumen"
"LI50NPR","Lebensd.50%Ausfallr. Kalt EL3h"
"LSF2000","SSF 2000h Nenn-, 3h Zyklus"
"CONSVT","Konstantspannung (CV)"
"LUMENNODE","Modullichtstrom pro Knoten"
"LMNCNODE","Leuchtdichte (pro Knoten)"
"OUTHEI","Höhe"
"LITLEN","Beleuchtete Länge"
"INPCURDC","Eingangsstrom (DC)"
"INOM","I-nominal"
"LMAIN8000_MIN","Restlichtstrom 8000 Std. (min.)"
"INPCURAC","Eingangsstrom (AC)"
"LSF2000P","LSF Warm 2kh Nenn-, 3h"
"BATTVBURN","Batteriespannung Lampenbetrieb"
"CONSCR","Konstantstrom (CC)"
"LMAIN8000_NOM","Restlichtstrom 8000 Std. (Nom)"
"LMAIN8000_MAX","Restlichtstrom 8000 Std. (max.)"
"OUTWID","Breite"
"LMEFFMAXRAT_MAX","Nennlichtausbeute (@ max. Lumen) (max.)"
"LMEFFMAXRAT_NOM","Nennlichtausbeute (@ max. Lumen) (Nom)"
"OUTLEN","Länge"
"OCSO","Optionen für einstellbaren Ausgangsstrom"
"LITWID","Beleuchtete Breite"
"LMAIN14000","Restlichtstrom 14000h"
"CNTWRSTRP","Kontrollleitungs-Streifenlänge"
"LUMINTNODE","Lichtintensität (Spitzenwert) auf Strahlachse pro Knoten"
"EFFRANGMA","Maximale Effizienz"
"ENGCSTYR120","geschätzte Energiekosten/Jahr bei 120 V"
"AVEPWRCLO","Durchschnittlicher CLO-Stromverbrauch"
"LUMEFRGB","Anfängliche LED-Leuchtenlichtausbeute im RGB-Betrieb"
"SYSPOWCONS","System-Leistungsaufnahme"
"DIAMD_NOM","Durchmesser D [inch] (Nom)"
"LIFEL80B50","Nutzlebensdauer L80B50"
"LUMFLUXT15","Lichtstrom-Neuwert bei 15°C"
"BATTGUARVIGN","Batteriespannung garantierte Zündung"
"OUTPEAKVL_MAX","Ausgangsspannungsspitze (max.)"
"LIFE50FAIL_MAX","Lebensdauer bis 50 % Ausfall (max.)"
"OPCIRCVLT","Leerlaufspannung"
"LIFE50FAIL_MIN","Lebensdauer bis 50 % Ausfall (min.)"
"LIFE50FAIL_NOM","Lebensdauer bis 50 % Ausfall (Nom)"
"IGNWSOFTIM_NOM","Zündungsausschaltzeit (Nom)"
"LUMFLUXT25","Lichtstrom-Neuwert bei 25°C"
"IGNWSOFTIM_MAX","Zündungsausschaltzeit (max.)"
"HIPOTTE1MI","Hipot-Test (1 Minute)"
"VOLTINPAC","Eingangsspannung (AC)"
"UVC","UV C"
"OPCIRCVLTTST","Leerlaufspannung Test (Volt)"
"UVA","UV A"
"PWRLOSS_NOM","Verlustleistung (Nom)"
"LAMPPWR","Lampenleistung"
"OUTPPWR_NOM","Ausgangsleistung (Nom)"
"LINEFREQ","Eingangsfrequenz"
"OUTPPWR_MAX","Ausgangsleistung (max.)"
"PLA-TL5","Lampenleistung für TL5"
"INPUTPWR3H","Systemleistung 3 Std. Batterie"
"ANBDIAM","Anodengrundkreisdurchmesser"
"FOOTNOTEI4","Fußnote Glühlampen 4"
"SO-CRID25_MIN","Farbwiedergabeindex (SO) (min.)"
"SO-CRID25_NOM","Farbwiedergabeindex (SO) (Nom)"
"LMAIN10000_NOM","Restlichtstrom 10000 Std. (Nom)"
"CONTYPECTR","Anschlussklemme Steuerungseingang"
"LIFTCASM10","Nutzlebenszeit bei T-Gehäuse -10°C"
"LUMFLUXT45","Lichtstrom-Neuwert bei 45°C"
"TIMEIGNITE_MIN","Zündzeit (min.)"
"PHOSTEMP","Phosphor-Temperatur"
"TIMEIGNITE_NOM","Zündzeit (Nom)"
"TIMEIGNITE_MAX","Zündzeit (max.)"
"LIFTCAS10","Nutzlebenszeit bei T-Gehäuse +10°C"
"ACTTEMPPRT","Aktiver Temperaturschutz"
"NMCB","Max Anzahl pro Sicherungsautomat"
"LMPPWRTOL","Toleranz Lampenleistung"
"LOUT5SEC","Nomineller Lichtstrom nach 5 Sekunden"
"WCSBALCTC","Vorschaltgeräte-Leiterquerschnitt"
"MS","Master/Slave Einheit"
"BALLUMEF","Lichtausbeute Vorschaltgerät"
"PWRLOSS_MAX","Verlustleistung (max.)"
"LUMFLUXT35","Lichtstrom-Neuwert bei 35°C"
"UVB","UV B"
"DEFOUTCUR","Standard-Ausgangsstrom"
"INPUTPWR1H","Systemleistung 1 Std. Batterie"
"CTRLINT","Steuerungsschnittstelle"
"STNDHARMCS","Oberschwingungen"
"GASFIL","Gasfüllung"
"BATTCPCTY","Batterieleistung"
"LI50PR_MAX","Lebensdauer bis 50 % Ausfall vorgeheizt (max.)"
"PPFMAIN2K","PPF-Wartung 2000 Std."
"CORESIZE","Kerngröße"
"LI50PR_MIN","Lebensdauer bis 50 % Ausfall vorgeheizt (min.)"
"PLA-CPOCDM","Lampenleistung für CPO-CDM"
"BEAMDESCR","Lichtaustritt"
"HOUSCONF","Gehäusekonfiguration"
"TEMBULB_MIN","Kolbentemperatur (min.)"
"CATHBDIAM","Kathodengrundkreisdurchmesser"
"LI50PR_NOM","Lebensdauer bis 50 % Ausfall vorgeheizt (Nom)"
"PWRLOSS127","Energieverlust bei 127 V"
"TRUNKLGTH","Tragschienenlänge"
"TEMBULB_NOM","Kolbentemperatur (Nom)"
"TEMBULB_MAX","Kolbentemperatur (max.)"
"LMAIN10000_MIN","Restlichtstrom 10000 Std. (min.)"
"PLXTHEIGHT","Pfahlverlängerungshöhe"
"PSY-TL5ECO","Systemleistung für TL5 ECO"
"WCSOUTTERM","Leitungsquerschnitt sekundär"
"FOOTNOTEI1","Fußnote Glühlampen 1"
"LMAIN10000_MAX","Restlichtstrom 10000 Std. (max.)"
"PPFMAIN4K","PPF-Wartung 4000 Std."
"REGLEVEL","Dimmbereich"
"R9","Gesättigtes Rot"
"PPFMAIN5K","PPF-Wartung 5000 Std."
"OUTPISOLTN","Ausgangsisolierung"
"FOOTNOTEI2","Fußnote Glühlampen 2"
"STNDSAFETY","Sicherheitsstandard"
"COMM.INTROFP","Einführungstext für Endprodukt, überschreibt CF"
"LAMPTYP","Lampentyp"
"REFNECTEMP_MAX","Reflektorhalstemperatur (max.)"
"XUCDM.COMM.INTROFP","Einführungstext für Endprodukt für den Export"
"DECOACC","Dekoratives Zubehör"
"ARMLENGTH","Ausleger Länge"
"PSE-MARK","PSE-Zeichen"
"INCURWOPFC","Eingangsstrom ohne PF-Ausgleich"
"CERTIFICATION-MARKS","Zertifizierungen"
"WORDISTAN","Arbeitsabstand WD"
"CAPHEIG","Kondensatorhöhe"
"SYSPEM25N","Systemleistung KVG 25°C, Nom"
"CAPLEW_NOM","Kappenlänge U (Nom)"
"CAPLEW_MAX","Kappenlänge U (Max)"
"TIME90LF","Lebensdauer bis 90 % Restlichtstrom"
"TRUNKSPOT","Strahler für Tragschienen"
"LLMFENDL_NOM","Restlichtstrom am Ende der Nennlebensdauer (Nom)"
"PLO-TL5ECO","Energieverlust für TL5 ECO"
"FOOTNOTEHID1","Fußnoten HID 1"
"FINISH","Veredlung"
"CAPLEW_MIN","Kappenlänge U (Min)"
"LDISTR","Lichtverteilung"
"ENDPWRCLO","Leistungsaufnahme Konstantlichtstrom am Ende der Lebensdauer"
"PRT-SON","Lampen-Nennleistung für SON"
"REFLMAT","Reflektor-Material"
"PFC","Product Family Code"
"FOOTNOTEHID2","Fußnoten HID 2"
"LLMFENDL_MIN","Restlichtstrom am Ende der Nennlebensdauer (min.)"
"INITPWRCLO","Leistungsaufnahme Konstantlichtstrom bei Installation"
"MDCSINK_MAX","DALI-Strom (max)"
"LUMFL6500K","Lichtstrom-Neuwert"
"ECCENTRIC_MAX","Exzentrizität (max.)"
"LIFCODE","LIF-Code"
"DIMLUMFLUX","Lichtstrom beim Dimmen"
"LIFE90SURV","Ø  Lebensdauer 10% Ausfallrate"
"INLENGTH","Innenlänge"
"COLCOD","Farbcode"
"SOLUMFD25_NOM","Lichtstrom (SO) (Nom)"
"STNDPERFMC","Leistungsstandards"
"LIFE10FAIL_MAX","Lebensdauer bis 10 % Ausfall (max.)"
"LMAIN70","Lebensdauer bis 70 % Restlichtstrom"
"LUMEFFY","Initiale Leuchtenlichtausbeute"
"BTTVOLTGE","Batteriespannung"
"ERY320INC","Erythemwirks.Strahlung <lt/>=320nm"
"SOLUMFD25_MIN","Lichtstrom (SO) (min.)"
"PSY-PL-L","Systemleistung für PL-L"
"LIFE10FAIL_MIN","Lebensdauer bis 10 % Ausfall (min.)"
"LIFE10FAIL_NOM","Lebensdauer bis 10 % Ausfall (Nom)"
"PLA-TL-DE","Lampenleistung für TL-D ECO"
"LAMPPOS","Lampenposition"
"LUMFLUXTOL","Lichtstromtoleranz"
"NAMEEXT","Lampenversion"
"FAILRATE","Treiber-Ausfallrate bei 5000 Std."
"IGN","Zündgerät"
"DIAME2","Durchmesser E2"
"LLMF20000","LLMF 20k h Nenn-,Sockel ho."
"PLHEIGHT","Masthöhe"
"DIAME1","Befestigungslochdurchmesser E1"
"USEOUTDOOR","Für den Einsatz im Außenbereich geeignet"
"CTRINPPROT","Spannungsfestigkeit"
"THDEUR","Totale harmon. Verzerrung EUR"
"DIAMD1_NOM","Durchmesser D1 (Nom)"
"LIFE35US","Lebensdauer bis 35 % Ausfall"
"LMAIN5000_MIN","Restlichtstrom 5000 Std. (min.)"
"DIAMD1_MAX","Durchmesser D1 (Max)"
"EEI","Energieeffizienzindex"
"BALL-MARK","Schlagfestigkeit gegen Bälle"
"LMAIN20000","Restlichtstrom 20000 Std. (Nom)"
"COLDESIG","Lichtfarbe"
"PLTOPDIAM","Mastzopfdurchmesser"
"MNSVOLTSAC","Sicherheit mit Netzspannung (AC)"
"TREF","Top-Reflektor"
"DIAMD2","Durchmesser"
"FAILL90B50","Plötzlicher Ausfallwert für L90B50"
"LOAC1_NOM","Gesamtlänge (Kolbenrand) C1 (Nom)"
"LOAC1_MAX","Gesamtlänge (Kolbenrand) C1 (Max)"
"INCURWID","Einschaltstromweite"
"THERMRES_MAX","Zugelassene thermische Widerstandsfähigkeit bei 25°C (max.)"
"PRT-SOX","Lampen-Nennleistung für SOX"
"PSY-SON","Systemleistung für SON"
"BATTCHTIME","Batterieladezeit"
"LENGTH","Länge"
"INRCURPEAK_MAX","Einschaltstrom (max.)"
"IKC","Schlagfestigkeit (IK)"
"BATTVIGN","Batteriespannung Lampenzündung"
"SUITACCL","Geeignet für Akzentbeleuchtung"
"NONRECV_MIN","Primärspannung (min.)"
"PSY-SOX","Systemleistung für SOX"
"INRCURPEAK_NOM","Einschaltstromstoß (Nom)"
"PSY-CPOCDM","Systemleistung für CPO-CDM"
"LMAIN5000_NOM","Restlichtstrom 5000 Std. (Nom)"
"FLENA2","Befestigungslochabst. A2 Länge"
"OVVOLTPR276","Überspannungsschutz 276 Vac"
"CVRFINISH","Veredelung optische Abdeckung/Linse"
"LMAIN5000_MAX","Restlichtstrom 5000 Std. (max.)"